Region,mental health: (2018),depression: (2018),therapy: (2018),suicide help: (2018)
District of Columbia,22%,21%,57%,
New Hampshire,20%,26%,54%,<1%
Minnesota,21%,26%,53%,<1%
Kansas,20%,27%,53%,<1%
Montana,17%,24%,59%,<1%
Oregon,17%,27%,56%,<1%
Iowa,18%,28%,54%,<1%
Vermont,17%,25%,58%,<1%
Mississippi,18%,30%,52%,<1%
Colorado,17%,24%,59%,<1%
Alaska,16%,23%,61%,<1%
Wisconsin,17%,30%,53%,<1%
Maryland,16%,26%,58%,<1%
New York,15%,24%,61%,<1%
Massachusetts,16%,26%,58%,<1%
Washington,15%,26%,59%,<1%
South Carolina,17%,29%,54%,<1%
Alabama,17%,29%,54%,<1%
Oklahoma,18%,31%,51%,<1%
Tennessee,17%,28%,55%,<1%
Nebraska,15%,27%,58%,<1%
Missouri,16%,30%,54%,<1%
North Dakota,14%,25%,61%,<1%
Michigan,15%,29%,56%,<1%
Virginia,15%,27%,58%,<1%
Utah,14%,29%,57%,<1%
Louisiana,15%,27%,58%,<1%
Idaho,12%,25%,63%,<1%
Connecticut,13%,27%,60%,<1%
Rhode Island,14%,27%,59%,<1%
Wyoming,14%,25%,61%,<1%
Pennsylvania,13%,28%,59%,<1%
Maine,13%,28%,59%,<1%
South Dakota,14%,30%,56%,<1%
Indiana,14%,32%,54%,<1%
Ohio,15%,33%,52%,<1%
California,15%,28%,57%,<1%
Arkansas,13%,30%,57%,<1%
Illinois,13%,31%,56%,<1%
Nevada,14%,30%,56%,<1%
Florida,15%,30%,55%,<1%
North Carolina,14%,29%,57%,<1%
West Virginia,12%,33%,55%,<1%
Kentucky,12%,32%,56%,<1%
Delaware,11%,27%,62%,<1%
Georgia,13%,31%,56%,<1%
New Mexico,12%,28%,60%,<1%
New Jersey,12%,29%,59%,<1%
Arizona,11%,30%,59%,<1%
Texas,12%,33%,55%,<1%
Hawaii,10%,28%,62%,<1%
