region,mental health,depression,therapy,suicide help
District of Columbia,22.0,21.0,57.0,
New Hampshire,20.0,26.0,54.0,0.5
Minnesota,21.0,26.0,53.0,0.5
Kansas,20.0,27.0,53.0,0.5
Montana,17.0,24.0,59.0,0.5
Oregon,17.0,27.0,56.0,0.5
Iowa,18.0,28.0,54.0,0.5
Vermont,17.0,25.0,58.0,0.5
Mississippi,18.0,30.0,52.0,0.5
Colorado,17.0,24.0,59.0,0.5
Alaska,16.0,23.0,61.0,0.5
Wisconsin,17.0,30.0,53.0,0.5
Maryland,16.0,26.0,58.0,0.5
New York,15.0,24.0,61.0,0.5
Massachusetts,16.0,26.0,58.0,0.5
Washington,15.0,26.0,59.0,0.5
South Carolina,17.0,29.0,54.0,0.5
Alabama,17.0,29.0,54.0,0.5
Oklahoma,18.0,31.0,51.0,0.5
Tennessee,17.0,28.0,55.0,0.5
Nebraska,15.0,27.0,58.0,0.5
Missouri,16.0,30.0,54.0,0.5
North Dakota,14.0,25.0,61.0,0.5
Michigan,15.0,29.0,56.0,0.5
Virginia,15.0,27.0,58.0,0.5
Utah,14.0,29.0,57.0,0.5
Louisiana,15.0,27.0,58.0,0.5
Idaho,12.0,25.0,63.0,0.5
Connecticut,13.0,27.0,60.0,0.5
Rhode Island,14.0,27.0,59.0,0.5
Wyoming,14.0,25.0,61.0,0.5
Pennsylvania,13.0,28.0,59.0,0.5
Maine,13.0,28.0,59.0,0.5
South Dakota,14.0,30.0,56.0,0.5
Indiana,14.0,32.0,54.0,0.5
Ohio,15.0,33.0,52.0,0.5
California,15.0,28.0,57.0,0.5
Arkansas,13.0,30.0,57.0,0.5
Illinois,13.0,31.0,56.0,0.5
Nevada,14.0,30.0,56.0,0.5
Florida,15.0,30.0,55.0,0.5
North Carolina,14.0,29.0,57.0,0.5
West Virginia,12.0,33.0,55.0,0.5
Kentucky,12.0,32.0,56.0,0.5
Delaware,11.0,27.0,62.0,0.5
Georgia,13.0,31.0,56.0,0.5
New Mexico,12.0,28.0,60.0,0.5
New Jersey,12.0,29.0,59.0,0.5
Arizona,11.0,30.0,59.0,0.5
Texas,12.0,33.0,55.0,0.5
Hawaii,10.0,28.0,62.0,0.5
